1,com/actionbarsherlock
2,nerd/tuxmobil/fahrplan/congress
3,android/support/v4/app
4,android/support/v4/util
5,android/support/v4/content
6,android/support/v4/view android/support/v4/widget
7,android/support/v4/media
8,android/support/v4/graphics/drawable
9,android/support/v4/print
10,android/support/v4/text
11,android/support/v4/net
12,android/support/v4/hardware/display
13,android/support/v4/database
14,android/support/v4/accessibilityservice
15,android/support/v4/os
16,android/support/v4/internal/view
