1,android/support/v4/os
2,android/support/v4/app
11,android/support/v4/content
12,android/support/v4/util
3,android/support/v4/view
12,android/support/v4/widget
4,com/android/inputmethod/accessibility com/android/inputmethod/keyboard com/android/inputmethod/compat com/android/inputmethod/dictionarypack com/android/inputmethod/event com/android/inputmethod/latin com/android/inputmethod/research com/android/inputmethodcommon
7,android/support/v4/accessibilityservice
8,android/support/v4/database
9,android/support/v4/net
10,com/android/inputmethod/annotations
