1,com/actionbarsherlock nerd/tuxmobil/fahrplan/congress
2,android/support/v4/app android/support/v4/content android/support/v4/util
3,android/support/v4/view android/support/v4/widget
4,android/support/v4/media
5,android/support/v4/graphics/drawable
6,android/support/v4/print
7,android/support/v4/text
8,android/support/v4/net
9,android/support/v4/hardware/display
10,android/support/v4/database
11,android/support/v4/accessibilityservice
12,android/support/v4/os
13,android/support/v4/internal/view
