1,android/support/v7/internal/view
2,android/support/v7/internal/widget
3,android/support/v7/app
4,android/support/v7/view
5,android/support/v4/app
6,android/support/v4/util
7,android/support/v4/content
8,org/jamienicol/episodes
9,android/support/v7/widget
10,android/support/v4/view
11,android/support/v4/widget
12,android/support/v4/media
13,android/support/v4/net
14,android/support/v4/text
15,android/support/v4/hardware/display
16,android/support/v4/graphics/drawable
17,android/support/v4/database
18,android/support/v4/accessibilityservice
19,android/support/v4/os
20,android/support/v4/internal/view
